pdb_id,selected,reason,source_url,sha256,category,experimental_method,resolution_angstrom,hetero_residues,title,status
6ASH,False,candidate,https://files.rcsb.org/download/6ASH.pdb,951c7ae31cbb9efe8a2d2a840b2c2c27b538df0966d4fdd71ffc46f2855bf9ec,water_present,X-RAY DIFFRACTION,1.423,1XF,Crystal structure of human Cathepsin K with a non-active site inhibitor at 1.42 Angstrom resolution,retrieved
1CVZ,False,candidate,https://files.rcsb.org/download/1CVZ.pdb,8cd2cc9c57d8d07d580fdb8da92f90b6ca6cc5d00f55f54ca38645d7b88b3517,water_present,X-RAY DIFFRACTION,1.7,C48,CRYSTAL STRUCTURE ANALYSIS OF PAPAIN WITH CLIK148(CATHEPSIN L SPECIFIC INHIBITOR),retrieved
3KFQ,False,candidate,https://files.rcsb.org/download/3KFQ.pdb,261c0444aeefae23c190c8b4e7d562d4d8029fa650d055ef935b16ec5bc2c44b,water_present,X-RAY DIFFRACTION,1.99,SCH,Unreduced cathepsin V in complex with stefin A,retrieved
5TDI,False,candidate,https://files.rcsb.org/download/5TDI.pdb,be32aabb0acf1c08952f562940b0ea863b7cc6cf7a2f99c725c3a8fe8d8b436f,alternate_location,X-RAY DIFFRACTION,1.4,7AS,Crystal structure of Cathepsin K with a covalently-linked inhibitor at 1.4 Angstrom resolution.,retrieved
1VSN,False,candidate,https://files.rcsb.org/download/1VSN.pdb,8418f86bba3219e160df9bc2c6bfc9061675cd2574c659c36a4db82426f7e355,water_present,X-RAY DIFFRACTION,2.0,NFT,Crystal structure of a potent small molecule inhibitor bound to cathepsin K,retrieved
1MEM,False,candidate,https://files.rcsb.org/download/1MEM.pdb,fbe546539ad9267ef94d8763793b2e4658492a8ec271d29b6a0447cab9683b8e,water_present,X-RAY DIFFRACTION,1.8,0D6,Crystal structure of Cathepsin K complexed with a potent vinyl sulfone inhibitor,retrieved
3LIN,False,candidate,https://files.rcsb.org/download/3LIN.pdb,073fb2bec199b3e89efb324fc1284b5e35af9a9733652c20db56e5529cfb06a2,alternate_location,X-RAY DIFFRACTION,1.96,E13,"crystal structure of HTLV protease complexed with the inhibitor, KNI-10562",retrieved
4RVI,False,candidate,https://files.rcsb.org/download/4RVI.pdb,66eb9ba7b5776eacf0def072d9be8dcd5465b313f40bb8efb8b3e8391f6d7669,alternate_location,X-RAY DIFFRACTION,1.99,G52,"Crystal structure of multidrug-resistant clinical isolate A02 HIV-1 protease in complex with non-peptidic inhibitor, GRL0519",retrieved
1PSO,False,candidate,https://files.rcsb.org/download/1PSO.pdb,ae7d687fe4a79f25aa5a591c7299c465d10920a27e394526f49c1ebd7ecb843e,water_present,X-RAY DIFFRACTION,2.0,IVA; STA,The crystal structure of human pepsin and its complex with pepstatin,retrieved
1QRP,False,candidate,https://files.rcsb.org/download/1QRP.pdb,a762b0717f0c8ed6d1e1796826d93ff99b83f3c4d587816a9a32fcb38b12ea67,water_present,X-RAY DIFFRACTION,1.96,HH0,Human pepsin 3A in complex with a phosphonate inhibitor IVA-VAL-VAL-LEU(P)-(O)PHE-ALA-ALA-OME,retrieved
1WKR,False,candidate,https://files.rcsb.org/download/1WKR.pdb,8d4935ccf8e4ad559576d74dea792ded5ba1b6042e287e3683e403478bff6d37,water_present,X-RAY DIFFRACTION,1.3,IVA; SO4; STA,Crystal structure of aspartic proteinase from Irpex lacteus,retrieved
2ER6,False,candidate,https://files.rcsb.org/download/2ER6.pdb,c29db3066d910847a4c3b585c7a1c8473d282a8279de64008e20f58e3db68048,water_present,X-RAY DIFFRACTION,2.0,PUK,The structure of a synthetic pepsin inhibitor complexed with endothiapepsin.,retrieved
3APR,False,candidate,https://files.rcsb.org/download/3APR.pdb,ad3f6d071c979e49a8678702ec199a6256a7392c71ed7f882fc1995b0f8d241a,alternate_location,X-RAY DIFFRACTION,1.8,PUK,BINDING OF A REDUCED PEPTIDE INHIBITOR TO THE ASPARTIC PROTEINASE FROM RHIZOPUS CHINENSIS. IMPLICATIONS FOR A MECHANISM OF ACTION,retrieved
1PPM,False,candidate,https://files.rcsb.org/download/1PPM.pdb,3e130885a7f2c5ce2524e30d74d8928819f69f3ad186c58f1e5ee73b5d16ef3c,water_present,X-RAY DIFFRACTION,1.7,0P1; ARA; MAN; SO4,CRYSTALLOGRAPHIC ANALYSIS OF TRANSITION-STATE MIMICS BOUND TO PENICILLOPEPSIN: PHOSPHORUS-CONTAINING PEPTIDE ANALOGUES,retrieved
1T6G,False,candidate,https://files.rcsb.org/download/1T6G.pdb,8e0e1ccadac15539ebf48b9c261ac72986f0dd08a1e8716c0e1c6186d03909c2,water_present,X-RAY DIFFRACTION,1.8,GOL,Crystal structure of the Triticum aestivum xylanase inhibitor-I in complex with aspergillus niger xylanase-I,retrieved
1XDH,False,candidate,https://files.rcsb.org/download/1XDH.pdb,0e704983088a6db1c66ccb14a4eb0b4adbacec357b5e45cb022648b094d446db,water_present,X-RAY DIFFRACTION,1.7,IVA; STA,Structure of plasmepsin II in complex with pepstatin A,retrieved
4CKU,False,candidate,https://files.rcsb.org/download/4CKU.pdb,3c3fd9e6b64f20dd0e9b1d48dd1e51277c5669ad286b17ae8076cbf89fa90228,alternate_location,X-RAY DIFFRACTION,1.85,P2F,Three dimensional structure of plasmepsin II in complex with hydroxyethylamine-based inhibitor,retrieved
